Galaxy,Alpha,Beta
UGCA444_rotmod,4377.231567776417,1.73413456722671
