Galaxy,Alpha,Beta
NGC3198_rotmod,280.21462845983194,1.0004294060959336
