Galaxy,Alpha,Beta
ddo47_rotmas_input_velocities,-951.9445598860342,0.1380914280857232
