Galaxy,Chisquare,Alpha,Beta
NGC5371_rotmod,9.001849863884019,34.81263869579643,1.0
UGC07603_rotmod,1.7917210880480126,5545.900694210563,1.0
NGC4138_rotmod,1.122180478449587,516.7331522775438,0.1401316411839929
UGC12632_rotmod,7.202488596168591,13761.583073585314,1.0
NGC5033_rotmod,38.46517386420946,19.121683751735375,0.7070983013691114
UGC02023_rotmod,0.04447778669185404,15530.931883366104,1.0
