Galaxy,Alpha,Beta
M31_Carignan_SNC,1601.5745843636032,1.01721212720202
N891_Fraternalli,-1516.9583421255868,1.002983056454541
NGC7793_GentileTaM,9.446571516865264,0.999954328196409
M31_Carignan_SNC2,3038.255343819143,1.0118047637629346
