Galaxy,Alpha,Beta
NGC3198_rotmod,280.24517328581516,1.000435288589407
