Galaxy,Alpha,vLum
NGC3953_rotmod,112.8661225520611,0.9080097074169665
