Galaxy,Alpha,vLum
NGC2903_rotmod,468.6208381743751,0.7247574484095699
