Galaxy,chi_square,alpha,disk_scale,bulge_scale
M31_Carignan_SNC,0.1583651525048482,571.7412628048153,0.0005046758590964001,0.9124024834967488, 
NGC925_TokyCarignan_Original,7.629352484011168,1.6194488195398741e-09,1.2622626249329076,1.0, 
N891_Fraternalli,0.4789558320944803,101.63341685718888,1.0014891078118926,0.7811947788010548, 
NGC7793_GentileTaM,30.115370887894525,4.489389332045611e-07,1.6108094641263917,1.0, 
M31_Carignan_SNC2,0.15720529413619905,554.192565957153,0.0001654402060819551,0.9365737361360927, 
