Galaxy,chi_square,alpha,disk_scale,bulge_scale,phi_zero
UGCA442_rotmod,1.4984023262267525,2946.7693879550798,                 2.4749830862343702,1.0,5.048603485829619e-07 
