Galaxy,Chisquare,Alpha,Beta
NGC5371_rotmod,985.0547437070701,-9034.313068060243,1.0
UGC07603_rotmod,15.113503120961868,6237.930921987092,1.0
NGC4138_rotmod,7.7626629666969915,-2054.9724916101245,0.9917214173687392
UGC12632_rotmod,36.78625894424885,6619.191413011397,1.0
NGC5033_rotmod,42.94643899664723,198.47100528561614,1.0111057494637834
UGC02023_rotmod,0.5386294860328436,1689.0583342106738,1.0
